{"name":"comida","identifier":"8JKCA8XUNK","description":null,"slotTypeValues":[{"synonyms":[{"value":"alambre"},{"value":"un alambre"}],"sampleValue":{"value":"Alambre"}},{"synonyms":[{"value":"costra"},{"value":"una costra"}],"sampleValue":{"value":"Costra"}},{"synonyms":[{"value":"torta"},{"value":" una torta"}],"sampleValue":{"value":"Torta"}},{"synonyms":[{"value":"volcán"},{"value":"un volcan"},{"value":"un volcán "}],"sampleValue":{"value":"Volcan"}}],"parentSlotTypeSignature":null,"valueSelectionSetting":{"regexFilter":null,"resolutionStrategy":"TOP_RESOLUTION"}}