{"name":"tipoCervezas","identifier":"6BNL3BLCMB","description":null,"slotTypeValues":[{"synonyms":[{"value":"una botella"},{"value":"una votella"}],"sampleValue":{"value":"Botella"}},{"synonyms":[{"value":"de barril"},{"value":"un barril"},{"value":"de varril"}],"sampleValue":{"value":"Barril"}},{"synonyms":[{"value":"de litro"}],"sampleValue":{"value":"Litro"}},{"synonyms":[{"value":"una michelada"}],"sampleValue":{"value":"Michelada"}},{"synonyms":[{"value":"un michelato"}],"sampleValue":{"value":"Michelato"}}],"parentSlotTypeSignature":null,"valueSelectionSetting":{"regexFilter":null,"resolutionStrategy":"TOP_RESOLUTION"}}