{"name":"sinAlcohol","identifier":"CDRP10EWVN","description":null,"slotTypeName":"tipoBebidas","obfuscationSetting":null,"valueElicitationSetting":{"slotCaptureSetting":{"codeHook":null,"captureResponse":null,"captureNextStep":{"intent":{"name":null,"slots":null},"dialogAction":{"type":"EvaluateConditional","suppressNextMessage":null,"slotToElicit":null},"sessionAttributes":null},"captureConditional":{"isActive":true,"defaultBranch":{"response":null,"nextStep":{"intent":{"name":null,"slots":null},"dialogAction":{"type":"ElicitSlot","suppressNextMessage":null,"slotToElicit":"agua"},"sessionAttributes":null}},"conditionalBranches":[{"name":"refreso","response":{"messageGroupsList":[{"message":{"ssmlMessage":null,"customPayload":null,"plainTextMessage":{"value":"¡Anotado!"},"imageResponseCard":null},"variations":null}],"allowInterrupt":true},"condition":{"expressionString":"{sinAlcohol} = \"Refresco\""},"nextStep":{"intent":{"name":null,"slots":{"costoBebida":{"value":{"interpretedValue":"23"},"values":null,"shape":null}}},"dialogAction":{"type":"ElicitSlot","suppressNextMessage":null,"slotToElicit":"deseoPostre"},"sessionAttributes":null}},{"name":"agua","response":null,"condition":{"expressionString":"{sinAlcohol} = \"Agua\""},"nextStep":{"intent":{"name":null,"slots":null},"dialogAction":{"type":"ElicitSlot","suppressNextMessage":null,"slotToElicit":"agua"},"sessionAttributes":null}}]},"failureResponse":null,"failureNextStep":{"intent":{"name":"FallbackIntent","slots":null},"dialogAction":{"type":"StartIntent","suppressNextMessage":null,"slotToElicit":null},"sessionAttributes":null},"failureConditional":null,"elicitationCodeHook":{"enableCodeHookInvocation":true,"invocationLabel":null}},"promptSpecification":{"messageGroupsList":[{"message":{"ssmlMessage":null,"customPayload":null,"plainTextMessage":{"value":"¿Desea agua o refresco?"},"imageResponseCard":null},"variations":null}],"maxRetries":4,"allowInterrupt":true,"messageSelectionStrategy":"Random","promptAttemptsSpecification":{"Retry3":{"allowedInputTypes":{"allowAudioInput":true,"allowDTMFInput":true},"audioAndDTMFInputSpecification":{"dtmfSpecification":{"maxLength":513,"deletionCharacter":"*","endCharacter":"#","endTimeoutMs":5000},"startTimeoutMs":4000,"audioSpecification":{"maxLengthMs":15000,"endTimeoutMs":640}},"allowInterrupt":true,"textInputSpecification":{"startTimeoutMs":30000}},"Retry1":{"allowedInputTypes":{"allowAudioInput":true,"allowDTMFInput":true},"audioAndDTMFInputSpecification":{"dtmfSpecification":{"maxLength":513,"deletionCharacter":"*","endCharacter":"#","endTimeoutMs":5000},"startTimeoutMs":4000,"audioSpecification":{"maxLengthMs":15000,"endTimeoutMs":640}},"allowInterrupt":true,"textInputSpecification":{"startTimeoutMs":30000}},"Retry4":{"allowedInputTypes":{"allowAudioInput":true,"allowDTMFInput":true},"audioAndDTMFInputSpecification":{"dtmfSpecification":{"maxLength":513,"deletionCharacter":"*","endCharacter":"#","endTimeoutMs":5000},"startTimeoutMs":4000,"audioSpecification":{"maxLengthMs":15000,"endTimeoutMs":640}},"allowInterrupt":true,"textInputSpecification":{"startTimeoutMs":30000}},"Initial":{"allowedInputTypes":{"allowAudioInput":true,"allowDTMFInput":true},"audioAndDTMFInputSpecification":{"dtmfSpecification":{"maxLength":513,"deletionCharacter":"*","endCharacter":"#","endTimeoutMs":5000},"startTimeoutMs":4000,"audioSpecification":{"maxLengthMs":15000,"endTimeoutMs":640}},"allowInterrupt":true,"textInputSpecification":{"startTimeoutMs":30000}},"Retry2":{"allowedInputTypes":{"allowAudioInput":true,"allowDTMFInput":true},"audioAndDTMFInputSpecification":{"dtmfSpecification":{"maxLength":513,"deletionCharacter":"*","endCharacter":"#","endTimeoutMs":5000},"startTimeoutMs":4000,"audioSpecification":{"maxLengthMs":15000,"endTimeoutMs":640}},"allowInterrupt":true,"textInputSpecification":{"startTimeoutMs":30000}}}},"slotConstraint":"Required","defaultValueSpecification":null,"sampleUtterances":null,"waitAndContinueSpecification":null},"multipleValuesSetting":null}