{"name":"tipoTortas","identifier":"ONVZG0HZRY","description":null,"slotTypeValues":[{"synonyms":[{"value":"de pastor"}],"sampleValue":{"value":"Pastor"}},{"synonyms":[{"value":"Masisa"},{"value":"Masiza"},{"value":"Macisa"},{"value":"de maciza"},{"value":"de masisa"},{"value":"de masiza"},{"value":"de macisa"}],"sampleValue":{"value":"Maciza"}},{"synonyms":[{"value":"Zuadero"},{"value":"de suadero"},{"value":"de zuadero"}],"sampleValue":{"value":"Suadero"}},{"synonyms":[{"value":"Longanisa"},{"value":"de longaniza"},{"value":"de longanisa"}],"sampleValue":{"value":"Longaniza"}},{"synonyms":[{"value":"de pechuga"}],"sampleValue":{"value":"Pechuga"}},{"synonyms":[{"value":"Bisteck"},{"value":"Bistek"},{"value":"de bisteck"},{"value":"de bistek"}],"sampleValue":{"value":"Bistec"}},{"synonyms":[{"value":"de chuleta"}],"sampleValue":{"value":"Chuleta"}}],"parentSlotTypeSignature":null,"valueSelectionSetting":{"regexFilter":null,"resolutionStrategy":"TOP_RESOLUTION"}}