{"name":"deseoPostre","identifier":"FEMWODTSRV","description":null,"slotTypeName":"bool","obfuscationSetting":null,"valueElicitationSetting":{"slotCaptureSetting":{"codeHook":null,"captureResponse":null,"captureNextStep":{"intent":{"name":null,"slots":null},"dialogAction":{"type":"EvaluateConditional","suppressNextMessage":null,"slotToElicit":null},"sessionAttributes":null},"captureConditional":{"isActive":true,"defaultBranch":{"response":null,"nextStep":{"intent":{"name":null,"slots":null},"dialogAction":{"type":"ConfirmIntent","suppressNextMessage":null,"slotToElicit":null},"sessionAttributes":null}},"conditionalBranches":[{"name":"si","response":null,"condition":{"expressionString":"{deseoPostre} = \"Si\""},"nextStep":{"intent":{"name":null,"slots":{}},"dialogAction":{"type":"ElicitSlot","suppressNextMessage":null,"slotToElicit":"tipopostre"},"sessionAttributes":null}},{"name":"no","response":null,"condition":{"expressionString":"{deseoPostre} = \"No\""},"nextStep":{"intent":{"name":null,"slots":{"costoPostre":{"value":{"interpretedValue":"0"},"values":null,"shape":null}}},"dialogAction":{"type":"ConfirmIntent","suppressNextMessage":null,"slotToElicit":null},"sessionAttributes":null}}]},"failureResponse":null,"failureNextStep":{"intent":{"name":"FallbackIntent","slots":null},"dialogAction":{"type":"StartIntent","suppressNextMessage":null,"slotToElicit":null},"sessionAttributes":null},"failureConditional":null,"elicitationCodeHook":{"enableCodeHookInvocation":true,"invocationLabel":null}},"promptSpecification":{"messageGroupsList":[{"message":{"ssmlMessage":null,"customPayload":null,"plainTextMessage":{"value":"¿Desea algún postre?"},"imageResponseCard":null},"variations":null}],"maxRetries":4,"allowInterrupt":true,"messageSelectionStrategy":"Random","promptAttemptsSpecification":{"Retry3":{"allowedInputTypes":{"allowAudioInput":true,"allowDTMFInput":true},"audioAndDTMFInputSpecification":{"dtmfSpecification":{"maxLength":513,"deletionCharacter":"*","endCharacter":"#","endTimeoutMs":5000},"startTimeoutMs":4000,"audioSpecification":{"maxLengthMs":15000,"endTimeoutMs":640}},"allowInterrupt":true,"textInputSpecification":{"startTimeoutMs":30000}},"Retry1":{"allowedInputTypes":{"allowAudioInput":true,"allowDTMFInput":true},"audioAndDTMFInputSpecification":{"dtmfSpecification":{"maxLength":513,"deletionCharacter":"*","endCharacter":"#","endTimeoutMs":5000},"startTimeoutMs":4000,"audioSpecification":{"maxLengthMs":15000,"endTimeoutMs":640}},"allowInterrupt":true,"textInputSpecification":{"startTimeoutMs":30000}},"Retry4":{"allowedInputTypes":{"allowAudioInput":true,"allowDTMFInput":true},"audioAndDTMFInputSpecification":{"dtmfSpecification":{"maxLength":513,"deletionCharacter":"*","endCharacter":"#","endTimeoutMs":5000},"startTimeoutMs":4000,"audioSpecification":{"maxLengthMs":15000,"endTimeoutMs":640}},"allowInterrupt":true,"textInputSpecification":{"startTimeoutMs":30000}},"Initial":{"allowedInputTypes":{"allowAudioInput":true,"allowDTMFInput":true},"audioAndDTMFInputSpecification":{"dtmfSpecification":{"maxLength":513,"deletionCharacter":"*","endCharacter":"#","endTimeoutMs":5000},"startTimeoutMs":4000,"audioSpecification":{"maxLengthMs":15000,"endTimeoutMs":640}},"allowInterrupt":true,"textInputSpecification":{"startTimeoutMs":30000}},"Retry2":{"allowedInputTypes":{"allowAudioInput":true,"allowDTMFInput":true},"audioAndDTMFInputSpecification":{"dtmfSpecification":{"maxLength":513,"deletionCharacter":"*","endCharacter":"#","endTimeoutMs":5000},"startTimeoutMs":4000,"audioSpecification":{"maxLengthMs":15000,"endTimeoutMs":640}},"allowInterrupt":true,"textInputSpecification":{"startTimeoutMs":30000}}}},"slotConstraint":"Required","defaultValueSpecification":null,"sampleUtterances":null,"waitAndContinueSpecification":null},"multipleValuesSetting":null}