{"name":"tipoPostre","identifier":"8EDIAOMMKN","description":null,"slotTypeValues":[{"synonyms":[{"value":"arroz"},{"value":"arros con leche"},{"value":"arros"},{"value":"un arroz con leche"},{"value":"un arroz"},{"value":"un arros"}],"sampleValue":{"value":"Arroz con leche"}},{"synonyms":[{"value":"pastel"},{"value":"pastel de chocolate"},{"value":"un pastel"},{"value":"un pastel de chocolate"},{"value":"un pastel chocolate"}],"sampleValue":{"value":"Pastel chocolate"}},{"synonyms":[{"value":"fresas crema"},{"value":"fresas"},{"value":"unas fresas"},{"value":"una fresas"},{"value":"una fresa"}],"sampleValue":{"value":"Fresas con crema"}},{"synonyms":[{"value":"jelatina"},{"value":"una gelatina"},{"value":"una jelatina"}],"sampleValue":{"value":"Gelatina"}},{"synonyms":null,"sampleValue":{"value":"Flan"}}],"parentSlotTypeSignature":null,"valueSelectionSetting":{"regexFilter":null,"resolutionStrategy":"TOP_RESOLUTION"}}