{"name":"tipoAlambre","identifier":"Q6ANZDR5P3","description":null,"slotTypeValues":[{"synonyms":[{"value":"vegetarianos"},{"value":"de vegetariano"},{"value":"un vegetariano"}],"sampleValue":{"value":"Vegetariano"}},{"synonyms":[{"value":"pechuga"},{"value":"de pechuga"}],"sampleValue":{"value":"Pechuga"}},{"synonyms":[{"value":"bisteck"},{"value":"bistek"},{"value":"de bisteck"},{"value":"de bistec"},{"value":"de bistek"}],"sampleValue":{"value":"Bistec"}},{"synonyms":[{"value":"chuletas"},{"value":"de chuleta"}],"sampleValue":{"value":"Chuleta"}},{"synonyms":[{"value":"costillas"},{"value":"de costilla"}],"sampleValue":{"value":"Costilla"}},{"synonyms":[{"value":"de arrachera"}],"sampleValue":{"value":"Arrachera"}}],"parentSlotTypeSignature":null,"valueSelectionSetting":{"regexFilter":null,"resolutionStrategy":"TOP_RESOLUTION"}}