{"name":"RealizarPedido","identifier":"IWZMUUGV39","description":"Intención para que el cliente pueda realizar un pedido a la taquería.","parentIntentSignature":null,"sampleUtterances":[{"utterance":"Hola"},{"utterance":"Buenas tardes"},{"utterance":"Buenos días"},{"utterance":"Buenas noches"},{"utterance":"Deseo ordenar"},{"utterance":"Quiero ordenar"},{"utterance":"Quiero tacos"},{"utterance":"Quiero tortas"},{"utterance":"Quiero volcan"},{"utterance":"Quiero costra"},{"utterance":"Quiero pedir"},{"utterance":"Quiero hacer un pedido"},{"utterance":"Me gustaría hacer un pedido"},{"utterance":"Quiero {tipoComida}"},{"utterance":"{tipoComida}"},{"utterance":"deseo {tipoComida}"}],"intentConfirmationSetting":{"isActive":true,"declinationResponse":{"messageGroupsList":[{"message":{"ssmlMessage":null,"customPayload":null,"plainTextMessage":{"value":"Ok. Cancelaré tu pedido"},"imageResponseCard":null},"variations":null}],"allowInterrupt":true},"confirmationNextStep":{"intent":{"name":null,"slots":null},"dialogAction":{"type":"FulfillIntent","suppressNextMessage":null,"slotToElicit":null},"sessionAttributes":null},"declinationNextStep":{"intent":{"name":null,"slots":null},"dialogAction":{"type":"EndConversation","suppressNextMessage":null,"slotToElicit":null},"sessionAttributes":null},"promptSpecification":{"messageGroupsList":[{"message":{"ssmlMessage":null,"customPayload":null,"plainTextMessage":{"value":"¿Deseas confirmar tu orden?"},"imageResponseCard":null},"variations":null}],"maxRetries":4,"allowInterrupt":true,"messageSelectionStrategy":"Random","promptAttemptsSpecification":{"Retry3":{"allowedInputTypes":{"allowAudioInput":true,"allowDTMFInput":true},"audioAndDTMFInputSpecification":{"dtmfSpecification":{"maxLength":513,"deletionCharacter":"*","endCharacter":"#","endTimeoutMs":5000},"startTimeoutMs":4000,"audioSpecification":{"maxLengthMs":15000,"endTimeoutMs":640}},"allowInterrupt":true,"textInputSpecification":{"startTimeoutMs":30000}},"Retry4":{"allowedInputTypes":{"allowAudioInput":true,"allowDTMFInput":true},"audioAndDTMFInputSpecification":{"dtmfSpecification":{"maxLength":513,"deletionCharacter":"*","endCharacter":"#","endTimeoutMs":5000},"startTimeoutMs":4000,"audioSpecification":{"maxLengthMs":15000,"endTimeoutMs":640}},"allowInterrupt":true,"textInputSpecification":{"startTimeoutMs":30000}},"Initial":{"allowedInputTypes":{"allowAudioInput":true,"allowDTMFInput":true},"audioAndDTMFInputSpecification":{"dtmfSpecification":{"maxLength":513,"deletionCharacter":"*","endCharacter":"#","endTimeoutMs":5000},"startTimeoutMs":4000,"audioSpecification":{"maxLengthMs":15000,"endTimeoutMs":640}},"allowInterrupt":true,"textInputSpecification":{"startTimeoutMs":30000}},"Retry1":{"allowedInputTypes":{"allowAudioInput":true,"allowDTMFInput":true},"audioAndDTMFInputSpecification":{"dtmfSpecification":{"maxLength":513,"deletionCharacter":"*","endCharacter":"#","endTimeoutMs":5000},"startTimeoutMs":4000,"audioSpecification":{"maxLengthMs":15000,"endTimeoutMs":640}},"allowInterrupt":true,"textInputSpecification":{"startTimeoutMs":30000}},"Retry2":{"allowedInputTypes":{"allowAudioInput":true,"allowDTMFInput":true},"audioAndDTMFInputSpecification":{"dtmfSpecification":{"maxLength":513,"deletionCharacter":"*","endCharacter":"#","endTimeoutMs":5000},"startTimeoutMs":4000,"audioSpecification":{"maxLengthMs":15000,"endTimeoutMs":640}},"allowInterrupt":true,"textInputSpecification":{"startTimeoutMs":30000}}}},"failureNextStep":{"intent":{"name":"FallbackIntent","slots":null},"dialogAction":{"type":"StartIntent","suppressNextMessage":null,"slotToElicit":null},"sessionAttributes":null},"elicitationCodeHook":{"enableCodeHookInvocation":true,"invocationLabel":null}},"intentClosingSetting":{"isActive":true,"closingResponse":{"messageGroupsList":[{"message":{"ssmlMessage":null,"customPayload":null,"plainTextMessage":{"value":"Gracias por tu pedido 😊."},"imageResponseCard":null},"variations":null}],"allowInterrupt":true},"nextStep":{"intent":{"name":null,"slots":null},"dialogAction":{"type":"EndConversation","suppressNextMessage":null,"slotToElicit":null},"sessionAttributes":null}},"initialResponseSetting":{"codeHook":{"isActive":true,"enableCodeHookInvocation":true,"invocationLabel":null,"postCodeHookSpecification":{"successNextStep":{"intent":{"name":null,"slots":null},"dialogAction":{"type":"ElicitSlot","suppressNextMessage":null,"slotToElicit":"tipoComida"},"sessionAttributes":null},"successResponse":null,"successConditional":null,"timeoutResponse":null,"failureResponse":null,"failureNextStep":{"intent":{"name":null,"slots":null},"dialogAction":{"type":"EndConversation","suppressNextMessage":null,"slotToElicit":null},"sessionAttributes":null},"failureConditional":null,"timeoutNextStep":{"intent":{"name":null,"slots":null},"dialogAction":{"type":"EndConversation","suppressNextMessage":null,"slotToElicit":null},"sessionAttributes":null},"timeoutConditional":null}},"conditional":null,"initialResponse":{"messageGroupsList":[{"message":{"ssmlMessage":null,"customPayload":null,"plainTextMessage":{"value":"¡Hola! Bienvenido a la Taquería los Socios. Puede consultar con mayor detalle nuestro menú en el siguiente link: http://taquerialossocios.com/menu"},"imageResponseCard":null},"variations":null}],"allowInterrupt":true},"nextStep":{"intent":{"name":null,"slots":null},"dialogAction":{"type":"InvokeDialogCodeHook","suppressNextMessage":null,"slotToElicit":null},"sessionAttributes":null}},"inputContexts":null,"outputContexts":null,"kendraConfiguration":null,"dialogCodeHook":null,"fulfillmentCodeHook":{"isActive":true,"postFulfillmentStatusSpecification":{"successNextStep":{"intent":{"name":null,"slots":null},"dialogAction":{"type":"CloseIntent","suppressNextMessage":null,"slotToElicit":null},"sessionAttributes":null},"successResponse":{"messageGroupsList":[{"message":{"ssmlMessage":null,"customPayload":null,"plainTextMessage":{"value":"Tu pedido se realizó correctamente."},"imageResponseCard":null},"variations":null}],"allowInterrupt":true},"timeoutResponse":null,"failureResponse":null,"failureNextStep":{"intent":{"name":null,"slots":null},"dialogAction":{"type":"CloseIntent","suppressNextMessage":null,"slotToElicit":null},"sessionAttributes":null},"timeoutNextStep":{"intent":{"name":null,"slots":null},"dialogAction":{"type":"CloseIntent","suppressNextMessage":null,"slotToElicit":null},"sessionAttributes":null}},"fulfillmentUpdatesSpecification":null,"enabled":true},"slotPriorities":[{"priority":5,"slotName":"torta"},{"priority":6,"slotName":"deseoBebida"},{"priority":12,"slotName":"tipopostre"},{"priority":10,"slotName":"agua"},{"priority":9,"slotName":"sinAlcohol"},{"priority":1,"slotName":"tipoComida"},{"priority":14,"slotName":"costoBebida"},{"priority":11,"slotName":"deseoPostre"},{"priority":2,"slotName":"alambre"},{"priority":3,"slotName":"costra"},{"priority":7,"slotName":"alcohol"},{"priority":4,"slotName":"volcan"},{"priority":13,"slotName":"costoComida"},{"priority":8,"slotName":"conAlcohol"},{"priority":15,"slotName":"costoPostre"}]}